palavra,combo,conta,pilar,tema,tese,promessa,texto_dm
GRATIS,A07xP7,@viajaly,utilidade,engine,Da pra antecipar de graca por emergencia,se o seu caso se encaixa,"Oi! Obrigada por comentar GRATIS. Como prometi, aqui vai se o seu caso se encaixa. Quer que eu veja o seu caso? Me manda um oi por aqui ou toca no link da bio. Lembrando: a Viajaly nao garante aprovacao de vistos. A decisao e exclusiva das autoridades consulares."
CONTA,A08xP5,@viajaly,utilidade,engine,Quanto custa DE VERDADE (taxa + consultoria + passaporte),o custo real fechado,"Oi! Obrigada por comentar CONTA. Como prometi, aqui vai o custo real fechado. Quer que eu veja o seu caso? Me manda um oi por aqui ou toca no link da bio. Lembrando: a Viajaly nao garante aprovacao de vistos. A decisao e exclusiva das autoridades consulares."
MENOR,A10xP3,@viajaly,utilidade,engine,Menor de idade agora precisa ir na entrevista,o que confirmar no consulado,"Oi! Obrigada por comentar MENOR. Como prometi, aqui vai o que confirmar no consulado. Quer que eu veja o seu caso? Me manda um oi por aqui ou toca no link da bio. Lembrando: a Viajaly nao garante aprovacao de vistos. A decisao e exclusiva das autoridades consulares."
PRECO,A05xP6,@leticia,denuncia,engine,Assessoria barata demais e cara demais sao os dois sinais de alerta,a faixa justa item por item,"Oii, que bom que voce comentou PRECO. Como prometi, aqui vai a faixa justa item por item. Quer que eu veja o seu caso? Me manda um oi por aqui ou toca no link da bio. Lembrando: a Viajaly nao garante aprovacao de vistos. A decisao e exclusiva das autoridades consulares."
CASV,A09xP7,@viajaly,utilidade,engine,CASV e consulado sao dois dias diferentes,como marcar os dois no mesmo dia,"Oi! Obrigada por comentar CASV. Como prometi, aqui vai como marcar os dois no mesmo dia. Quer que eu veja o seu caso? Me manda um oi por aqui ou toca no link da bio. Lembrando: a Viajaly nao garante aprovacao de vistos. A decisao e exclusiva das autoridades consulares."
VERDADE,A01xP2,@leticia,denuncia,engine,Ninguem garante visto. Quem garante mente.,como comecar sem cair em promessa,"Oii, que bom que voce comentou VERDADE. Como prometi, aqui vai como comecar sem cair em promessa. Quer que eu veja o seu caso? Me manda um oi por aqui ou toca no link da bio. Lembrando: a Viajaly nao garante aprovacao de vistos. A decisao e exclusiva das autoridades consulares."
DS160,A15xP4,@viajaly,antidoto,engine,7 campos do DS-160 derrubam mais que qualquer coisa,os 7 campos pra revisar,"Oi! Obrigada por comentar DS160. Como prometi, aqui vai os 7 campos pra revisar. Quer que eu veja o seu caso? Me manda um oi por aqui ou toca no link da bio. Lembrando: a Viajaly nao garante aprovacao de vistos. A decisao e exclusiva das autoridades consulares."
PASTA,A13xP7,@leticia,antidoto,engine,Ele nao olha sua pasta de documentos do jeito que voce pensa,o que realmente pesa na entrevista,"Oii, que bom que voce comentou PASTA. Como prometi, aqui vai o que realmente pesa na entrevista. Quer que eu veja o seu caso? Me manda um oi por aqui ou toca no link da bio. Lembrando: a Viajaly nao garante aprovacao de vistos. A decisao e exclusiva das autoridades consulares."
VOLTA,A14xP5,@viajaly,antidoto,engine,A unica pergunta real e: voce volta?,como responder essa pergunta,"Oi! Obrigada por comentar VOLTA. Como prometi, aqui vai como responder essa pergunta. Quer que eu veja o seu caso? Me manda um oi por aqui ou toca no link da bio. Lembrando: a Viajaly nao garante aprovacao de vistos. A decisao e exclusiva das autoridades consulares."
PROVA,A20xP2,@viajaly,prova,engine,Aprovados de 2026,como esses casais se prepararam,"Oi! Obrigada por comentar PROVA. Como prometi, aqui vai como esses casais se prepararam. Quer que eu veja o seu caso? Me manda um oi por aqui ou toca no link da bio. Lembrando: a Viajaly nao garante aprovacao de vistos. A decisao e exclusiva das autoridades consulares."
ENTREVISTA,A12xP4,@leticia,antidoto,engine,O consul decide nos primeiros 10 segundos,o roteiro dos 10 segundos,"Oii, que bom que voce comentou ENTREVISTA. Como prometi, aqui vai o roteiro dos 10 segundos. Quer que eu veja o seu caso? Me manda um oi por aqui ou toca no link da bio. Lembrando: a Viajaly nao garante aprovacao de vistos. A decisao e exclusiva das autoridades consulares."
HISTORIA,A19xP3,@viajaly,prova,engine,Depoimento real de cliente aprovado,o que foi ajustado,"Oi! Obrigada por comentar HISTORIA. Como prometi, aqui vai o que foi ajustado. Quer que eu veja o seu caso? Me manda um oi por aqui ou toca no link da bio. Lembrando: a Viajaly nao garante aprovacao de vistos. A decisao e exclusiva das autoridades consulares."
FONTE,A03xP7,@leticia,denuncia,engine,O governo cobra US$750 pra furar fila; consultoria completa custa menos de um terco,o documento oficial,"Oii, que bom que voce comentou FONTE. Como prometi, aqui vai o documento oficial. Quer que eu veja o seu caso? Me manda um oi por aqui ou toca no link da bio. Lembrando: a Viajaly nao garante aprovacao de vistos. A decisao e exclusiva das autoridades consulares."
ORLANDO,A21xP1,@viajaly,desejo,engine,Orlando com criancas sem colapso no dia 4,o roteiro que evita o colapso,"Oi! Obrigada por comentar ORLANDO. Como prometi, aqui vai o roteiro que evita o colapso. Quer que eu veja o seu caso? Me manda um oi por aqui ou toca no link da bio. Lembrando: a Viajaly nao garante aprovacao de vistos. A decisao e exclusiva das autoridades consulares."
NOVAYORK,D01xP1,@viajaly,desejo,destino,Nova York com crianca pequena,o roteiro de 4 dias com crianca,"Oi! Obrigada por comentar NOVAYORK. Como prometi, aqui vai o roteiro de 4 dias com crianca. Quer que eu veja o seu caso? Me manda um oi por aqui ou toca no link da bio. Lembrando: a Viajaly nao garante aprovacao de vistos. A decisao e exclusiva das autoridades consulares."
MIAMI,D02xP6,@viajaly,desejo,destino,Miami em 4 dias sem enlouquecer,o roteiro de 4 dias pra grupo,"Oi! Obrigada por comentar MIAMI. Como prometi, aqui vai o roteiro de 4 dias pra grupo. Quer que eu veja o seu caso? Me manda um oi por aqui ou toca no link da bio. Lembrando: a Viajaly nao garante aprovacao de vistos. A decisao e exclusiva das autoridades consulares."
CALIFORNIA,D03xP1,@viajaly,desejo,destino,California: Disneyland e Los Angeles com filhos,o roteiro Disneyland + LA,"Oi! Obrigada por comentar CALIFORNIA. Como prometi, aqui vai o roteiro Disneyland + LA. Quer que eu veja o seu caso? Me manda um oi por aqui ou toca no link da bio. Lembrando: a Viajaly nao garante aprovacao de vistos. A decisao e exclusiva das autoridades consulares."
PARQUES,D04xP1,@viajaly,desejo,destino,"Universal ou Disney primeiro, pela idade",o guia por idade,"Oi! Obrigada por comentar PARQUES. Como prometi, aqui vai o guia por idade. Quer que eu veja o seu caso? Me manda um oi por aqui ou toca no link da bio. Lembrando: a Viajaly nao garante aprovacao de vistos. A decisao e exclusiva das autoridades consulares."
NEVE,D05xP1,@viajaly,desejo,destino,Primeira neve da familia nos EUA,o guia da primeira viagem de inverno,"Oi! Obrigada por comentar NEVE. Como prometi, aqui vai o guia da primeira viagem de inverno. Quer que eu veja o seu caso? Me manda um oi por aqui ou toca no link da bio. Lembrando: a Viajaly nao garante aprovacao de vistos. A decisao e exclusiva das autoridades consulares."
PRAIA,D07xP2,@viajaly,desejo,destino,Praia nos EUA: o que muda pro brasileiro,o guia de praias por regiao,"Oi! Obrigada por comentar PRAIA. Como prometi, aqui vai o guia de praias por regiao. Quer que eu veja o seu caso? Me manda um oi por aqui ou toca no link da bio. Lembrando: a Viajaly nao garante aprovacao de vistos. A decisao e exclusiva das autoridades consulares."
ORLANDO7,D06xP1,@viajaly,desejo,destino,Orlando em 7 dias que nao cansa,o roteiro de 7 dias,"Oi! Obrigada por comentar ORLANDO7. Como prometi, aqui vai o roteiro de 7 dias. Quer que eu veja o seu caso? Me manda um oi por aqui ou toca no link da bio. Lembrando: a Viajaly nao garante aprovacao de vistos. A decisao e exclusiva das autoridades consulares."
DISNEY,D08xP1,@viajaly,desejo,destino,Cafe com personagem vale a pena?,a lista do que vale e do que pular,"Oi! Obrigada por comentar DISNEY. Como prometi, aqui vai a lista do que vale e do que pular. Quer que eu veja o seu caso? Me manda um oi por aqui ou toca no link da bio. Lembrando: a Viajaly nao garante aprovacao de vistos. A decisao e exclusiva das autoridades consulares."
PRAIAKIDS,D09xP1,@viajaly,desejo,destino,Praia com crianca pequena nos EUA,o checklist do dia de praia,"Oi! Obrigada por comentar PRAIAKIDS. Como prometi, aqui vai o checklist do dia de praia. Quer que eu veja o seu caso? Me manda um oi por aqui ou toca no link da bio. Lembrando: a Viajaly nao garante aprovacao de vistos. A decisao e exclusiva das autoridades consulares."
MIAMIKIDS,D10xP1,@viajaly,desejo,destino,Miami alem da praia com a familia,o roteiro alem da praia,"Oi! Obrigada por comentar MIAMIKIDS. Como prometi, aqui vai o roteiro alem da praia. Quer que eu veja o seu caso? Me manda um oi por aqui ou toca no link da bio. Lembrando: a Viajaly nao garante aprovacao de vistos. A decisao e exclusiva das autoridades consulares."
NYCASAL,D01xP2,@viajaly,desejo,destino,Nova York a dois na primeira viagem,o roteiro de 4 dias a dois,"Oi! Obrigada por comentar NYCASAL. Como prometi, aqui vai o roteiro de 4 dias a dois. Quer que eu veja o seu caso? Me manda um oi por aqui ou toca no link da bio. Lembrando: a Viajaly nao garante aprovacao de vistos. A decisao e exclusiva das autoridades consulares."
MIAMIDOIS,D02xP2,@viajaly,desejo,destino,Miami a dois,o roteiro romantico,"Oi! Obrigada por comentar MIAMIDOIS. Como prometi, aqui vai o roteiro romantico. Quer que eu veja o seu caso? Me manda um oi por aqui ou toca no link da bio. Lembrando: a Viajaly nao garante aprovacao de vistos. A decisao e exclusiva das autoridades consulares."
CALIDOIS,D03xP2,@viajaly,desejo,destino,California a dois,o roteiro de estrada,"Oi! Obrigada por comentar CALIDOIS. Como prometi, aqui vai o roteiro de estrada. Quer que eu veja o seu caso? Me manda um oi por aqui ou toca no link da bio. Lembrando: a Viajaly nao garante aprovacao de vistos. A decisao e exclusiva das autoridades consulares."
NEVEDOIS,D05xP2,@viajaly,desejo,destino,Neve a dois,o guia da primeira neve,"Oi! Obrigada por comentar NEVEDOIS. Como prometi, aqui vai o guia da primeira neve. Quer que eu veja o seu caso? Me manda um oi por aqui ou toca no link da bio. Lembrando: a Viajaly nao garante aprovacao de vistos. A decisao e exclusiva das autoridades consulares."
PARQUEGRUPO,D04xP6,@viajaly,desejo,destino,Parques em grupo de amigos,o guia pra grupo,"Oi! Obrigada por comentar PARQUEGRUPO. Como prometi, aqui vai o guia pra grupo. Quer que eu veja o seu caso? Me manda um oi por aqui ou toca no link da bio. Lembrando: a Viajaly nao garante aprovacao de vistos. A decisao e exclusiva das autoridades consulares."
PRAIAFAMILIA,D07xP1,@viajaly,desejo,destino,Praia em familia nos EUA,o roteiro parque + praia,"Oi! Obrigada por comentar PRAIAFAMILIA. Como prometi, aqui vai o roteiro parque + praia. Quer que eu veja o seu caso? Me manda um oi por aqui ou toca no link da bio. Lembrando: a Viajaly nao garante aprovacao de vistos. A decisao e exclusiva das autoridades consulares."
RECOMECAR,D06xP3,@leticia,desejo,destino,Orlando pra quem ja foi negado,o proximo passo,"Oii, que bom que voce comentou RECOMECAR. Como prometi, aqui vai o proximo passo. Quer que eu veja o seu caso? Me manda um oi por aqui ou toca no link da bio. Lembrando: a Viajaly nao garante aprovacao de vistos. A decisao e exclusiva das autoridades consulares."
PRAIADOIS,D09xP2,@viajaly,desejo,destino,Praia a dois nos EUA,as praias calmas por regiao,"Oi! Obrigada por comentar PRAIADOIS. Como prometi, aqui vai as praias calmas por regiao. Quer que eu veja o seu caso? Me manda um oi por aqui ou toca no link da bio. Lembrando: a Viajaly nao garante aprovacao de vistos. A decisao e exclusiva das autoridades consulares."
MIAMIGRUPO,D10xP6,@viajaly,desejo,destino,Miami em grupo alem da praia,o roteiro do grupo,"Oi! Obrigada por comentar MIAMIGRUPO. Como prometi, aqui vai o roteiro do grupo. Quer que eu veja o seu caso? Me manda um oi por aqui ou toca no link da bio. Lembrando: a Viajaly nao garante aprovacao de vistos. A decisao e exclusiva das autoridades consulares."
PROMESSA,A01xP3,@leticia,denuncia,engine,Ninguem garante visto (pra quem ja foi negado),o que muda no segundo pedido,"Oii, que bom que voce comentou PROMESSA. Como prometi, aqui vai o que muda no segundo pedido. Quer que eu veja o seu caso? Me manda um oi por aqui ou toca no link da bio. Lembrando: a Viajaly nao garante aprovacao de vistos. A decisao e exclusiva das autoridades consulares."
MEIVISTO,A01xP7,@leticia,denuncia,engine,Ninguem garante visto (autonomo),como o autonomo se prepara,"Oii, que bom que voce comentou MEIVISTO. Como prometi, aqui vai como o autonomo se prepara. Quer que eu veja o seu caso? Me manda um oi por aqui ou toca no link da bio. Lembrando: a Viajaly nao garante aprovacao de vistos. A decisao e exclusiva das autoridades consulares."
TAXA,A04xP1,@leticia,denuncia,engine,"A taxa nao volta, e por familia isso multiplica",a conta da familia fechada,"Oii, que bom que voce comentou TAXA. Como prometi, aqui vai a conta da familia fechada. Quer que eu veja o seu caso? Me manda um oi por aqui ou toca no link da bio. Lembrando: a Viajaly nao garante aprovacao de vistos. A decisao e exclusiva das autoridades consulares."
NAOVOLTA,A04xP2,@leticia,denuncia,engine,A taxa nao volta (casal),o que preparar antes de pagar,"Oii, que bom que voce comentou NAOVOLTA. Como prometi, aqui vai o que preparar antes de pagar. Quer que eu veja o seu caso? Me manda um oi por aqui ou toca no link da bio. Lembrando: a Viajaly nao garante aprovacao de vistos. A decisao e exclusiva das autoridades consulares."
VOLTAMEI,A14xP7,@viajaly,antidoto,engine,A unica pergunta e: voce volta? (autonomo),a montar a sua resposta,"Oi! Obrigada por comentar VOLTAMEI. Como prometi, aqui vai a montar a sua resposta. Quer que eu veja o seu caso? Me manda um oi por aqui ou toca no link da bio. Lembrando: a Viajaly nao garante aprovacao de vistos. A decisao e exclusiva das autoridades consulares."
AUTONOMO,A16xP7,@viajaly,antidoto,engine,Nao ter carteira assinada nao te reprova,como comprovar vinculo sem holerite,"Oi! Obrigada por comentar AUTONOMO. Como prometi, aqui vai como comprovar vinculo sem holerite. Quer que eu veja o seu caso? Me manda um oi por aqui ou toca no link da bio. Lembrando: a Viajaly nao garante aprovacao de vistos. A decisao e exclusiva das autoridades consulares."
SEGUNDAVEZ,A17xP3,@leticia,antidoto,engine,"Negado nao e o fim, mas tem uma coisa que voce NAO pode fazer",o que checar antes de reaplicar,"Oii, que bom que voce comentou SEGUNDAVEZ. Como prometi, aqui vai o que checar antes de reaplicar. Quer que eu veja o seu caso? Me manda um oi por aqui ou toca no link da bio. Lembrando: a Viajaly nao garante aprovacao de vistos. A decisao e exclusiva das autoridades consulares."
COERENCIA,A18xP2,@viajaly,antidoto,engine,Incoerencia entre DS-160 e entrevista e a causa n1 de negativa,o checklist do casal,"Oi! Obrigada por comentar COERENCIA. Como prometi, aqui vai o checklist do casal. Quer que eu veja o seu caso? Me manda um oi por aqui ou toca no link da bio. Lembrando: a Viajaly nao garante aprovacao de vistos. A decisao e exclusiva das autoridades consulares."
RENOVAR,A11xP5,@viajaly,utilidade,engine,Renovacao sem entrevista so vale se venceu ha menos de 12 meses,o checklist da renovacao,"Oi! Obrigada por comentar RENOVAR. Como prometi, aqui vai o checklist da renovacao. Quer que eu veja o seu caso? Me manda um oi por aqui ou toca no link da bio. Lembrando: a Viajaly nao garante aprovacao de vistos. A decisao e exclusiva das autoridades consulares."
COMECO,A23xP2,@viajaly,desejo,engine,Toda foto dos sonhos comeca num consulado,o primeiro passo,"Oi! Obrigada por comentar COMECO. Como prometi, aqui vai o primeiro passo. Quer que eu veja o seu caso? Me manda um oi por aqui ou toca no link da bio. Lembrando: a Viajaly nao garante aprovacao de vistos. A decisao e exclusiva das autoridades consulares."
RECOMECO,A29xP3,@leticia,desejo,engine,A foto e a parte facil; o carimbo foi a dificil,o proximo passo,"Oii, que bom que voce comentou RECOMECO. Como prometi, aqui vai o proximo passo. Quer que eu veja o seu caso? Me manda um oi por aqui ou toca no link da bio. Lembrando: a Viajaly nao garante aprovacao de vistos. A decisao e exclusiva das autoridades consulares."
